{
    "$schema": "http://schema.management.azure.com/schemas/2015-01-01/deploymentTemplate.json#",
    "contentVersion": "1.0.0.0",
    "parameters": {
        "FunctionName": {
            "defaultValue": "BitSight",
            "minLength": 1,
            "maxLength": 11,
            "type": "string"
        },
        "API_token": {
            "type": "securestring",
			"minLength": 1,
            "metadata": {
                "description": "Enter API Token of your BitSight account"
            }
        },
        "Azure_Client_Id": {
            "type": "string",
            "minLength": 1,
            "metadata": {
                "description": "Enter Azure Client Id that you have created during app registration"
            }
        },
        "Azure_Client_Secret": {
            "type": "securestring",
            "minLength": 1,
            "metadata": {
                "description": "Enter Azure Client Secret that you have created during creating the client secret"
            }
        },
        "Azure_Tenant_Id": {
            "type": "string",
            "minLength": 1,
            "metadata": {
                "description": "Enter Azure Tenant Id of your Microsoft Entra ID"
            }
        },
        "Azure_Entra_Object_Id": {
            "type": "string",
            "minLength": 1,
            "metadata": {
                "description": "Enter Object id of your Microsoft Entra App"
            }
        },
        "Companies":{
            "type": "string",
            "defaultValue": "ALL",
            "metadata": {
                "description": "Please add valid company names separated by asterisk(*). For example: Actors Films*Goliath Investments LLC*HCL Group*Saperix, Inc."
            }
        },
        "Location": {
            "defaultValue": "[resourceGroup().location]",
            "type": "string",
            "metadata": {
                "description": "The location in which the data collection rules and data collection endpoints should be deployed."
            }
        },
        "WorkspaceName": {
            "type": "string",
            "minLength": 1,
            "metadata": {
                "description": "Log analytics workspace name. Can be found under Log analytics \"Settings\"."
            }
        },
        "Portfolio_Companies_Table_Name":{
            "type": "string",
            "defaultValue": "Portfolio_Companies",
            "minLength": 1,
            "metadata": {
                "description": "Please do not keep this field as empty else you will get validation error"
            }
        },
		"Alerts_Table_Name":{
            "type": "string",
            "defaultValue": "Alerts_data",
            "minLength": 1,
            "metadata": {
                "description": "Please do not keep this field as empty else you will get validation error"
            }
        },
        "Breaches_Table_Name":{
            "type": "string",
            "defaultValue": "BitsightBreaches_data",
            "minLength": 1,
            "metadata": {
                "description": "Please do not keep this field as empty else you will get validation error"
            }
        },
		"Company_Table_Name":{
            "type": "string",
            "defaultValue": "BitsightCompany_details",
            "minLength": 1,
            "metadata": {
                "description": "Please do not keep this field as empty else you will get validation error"
            }
        },
		"Company_Rating_Details_Table_Name":{
            "type": "string",
            "defaultValue": "BitsightCompany_rating_details",
            "minLength": 1,
            "metadata": {
                "description": "Please do not keep this field as empty else you will get validation error"
            }
        },
		"Diligence_Historical_Statistics_Table_Name":{
            "type": "string",
            "defaultValue": "BitsightDiligence_historical_statistics",
            "minLength": 1,
            "metadata": {
                "description": "Please do not keep this field as empty else you will get validation error"
            }
        },
		"Diligence_Statistics_Table_Name":{
            "type": "string",
            "defaultValue": "BitsightDiligence_statistics",
            "minLength": 1,
            "metadata": {
                "description": "Please do not keep this field as empty else you will get validation error"
            }
        },
		"Findings_Summary_Table_Name":{
            "type": "string",
            "defaultValue": "BitsightFindings_summary",
            "minLength": 1,
            "metadata": {
                "description": "Please do not keep this field as empty else you will get validation error"
            }
        },
		"Findings_Table_Name":{
            "type": "string",
            "defaultValue": "BitsightFindings_data",
            "minLength": 1,
            "metadata": {
                "description": "Please do not keep this field as empty else you will get validation error"
            }
        },
		"Graph_Table_Name":{
            "type": "string",
            "defaultValue": "BitsightGraph_data",
            "minLength": 1,
            "metadata": {
                "description": "Please do not keep this field as empty else you will get validation error"
            }
        },
		"Industrial_Statistics_Table_Name":{
            "type": "string",
            "defaultValue": "BitsightIndustrial_statistics",
            "minLength": 1,
            "metadata": {
                "description": "Please do not keep this field as empty else you will get validation error"
            }
        },
		"Observation_Statistics_Table_Name":{
            "type": "string",
            "defaultValue": "BitsightObservation_statistics",
            "minLength": 1,
            "metadata": {
                "description": "Please do not keep this field as empty else you will get validation error"
            }
        },
        "LogLevel":{
            "type": "string",
            "defaultValue": "INFO",
            "metadata": {
                "description": "Select log level or log severity value from DEBUG, INFO, ERROR. By default it is set to INFO."
            },
			"allowedValues": [
                "DEBUG",
				"INFO",
				"ERROR"
                ]
        },
        "Schedule":{
            "type": "string",
            "defaultValue": "0 0 * * * *",
            "metadata": {
                "description": "Please enter a valid Quartz cron-expression. (Example: 0 0 * * * *)"
            }
        },
        "Schedule_Portfolio":{
            "type": "string",
            "defaultValue": "0 */30 *  * * *",
            "metadata": {
                "description": "Please enter a valid Quartz cron-expression. (Example: 0 */30 * * * *)"
            }
        },
        "AppInsightsWorkspaceResourceID": {
            "type": "string",
            "metadata": {
                "description": "Migrate Classic Application Insights to Log Analytic Workspace which is retiring by 29 Febraury 2024. Use 'Log Analytic Workspace-->Properties' blade having 'Resource ID' property value. This is a fully qualified resourceId which is in format '/subscriptions/{subscriptionId}/resourceGroups/{resourceGroupName}/providers/Microsoft.OperationalInsights/workspaces/{workspaceName}'"
            }
        }
    },
    "variables": {
        "FunctionName": "[concat(toLower(parameters('FunctionName')), uniqueString(resourceGroup().id))]",
        "StorageSuffix": "[environment().suffixes.storage]",
        "suffix": "[concat('A', uniqueString(resourceGroup().id))]",
        "endpointName": "[concat(toLower(parameters('FunctionName')),'LogsEndpoint', variables('suffix'))]",
        "logWsResId": "[resourceId('Microsoft.OperationalInsights/workspaces', parameters('WorkspaceName'))]",
        "portfolioCompanieRuleName": "[concat(toLower(parameters('FunctionName')),'PortFolioCompaniesCollectionRule', variables('suffix'))]",
        "dataRuleName": "[concat(toLower(parameters('FunctionName')),'dataCollectionRule', variables('suffix'))]",
        "dcrRoleName": "[concat(toLower(parameters('FunctionName')),'EntraRole', variables('suffix'))]",
        "dcrRoleId": "[guid(subscription().id, string(variables('dcrRoleName')))]"

    },
    "resources": [
        {
            "type": "Microsoft.Insights/dataCollectionEndpoints",
            "apiVersion": "2022-06-01",
            "name": "[variables('endpointName')]",
            "location": "[parameters('Location')]",
            "kind": "Linux",
            "properties": {
                "description": "Data collection endpoint for ingestion api",
                "networkAcls": {
                    "publicNetworkAccess": "Enabled"
                }
            }
        },
        {
            "type": "Microsoft.OperationalInsights/workspaces/tables",
            "apiVersion": "2022-10-01",
            "name": "[concat(parameters('WorkspaceName'), '/', parameters('Portfolio_Companies_Table_Name'), '_CL')]",
            "properties": {
                "plan": "Analytics",
                "schema": {
                    "name": "[concat(parameters('Portfolio_Companies_Table_Name'), '_CL')]",
                    "columns": [
                        {
                            "name": "guid",
                            "type": "string"
                        },
                        {
                            "name": "name",
                            "type": "string"
                        },
                        {
                            "name": "TimeGenerated",
                            "type": "datetime"
                        }
                    ]
                }
            }
        },
        {
            "type": "Microsoft.OperationalInsights/workspaces/tables",
            "apiVersion": "2022-10-01",
            "name": "[concat(parameters('WorkspaceName'), '/', parameters('Company_Table_Name'), '_CL')]",
            "properties": {
                "plan": "Analytics",
                "schema": {
                    "name": "[concat(parameters('Company_Table_Name'), '_CL')]",
                    "columns": [
                        {
                            "name": "available_upgrade_types",
                            "type": "dynamic"
                        },
                        {
                            "name": "bulk_email_sender_status",
                            "type": "string"
                        },
                        {
                            "name": "company_features",
                            "type": "dynamic"
                        },
                        {
                            "name": "compliance_claim",
                            "type": "string"
                        },
                        {
                            "name": "current_rating",
                            "type": "real"
                        },
                        {
                            "name": "custom_id",
                            "type": "string"
                        },
                        {
                            "name": "customer_monitoring_count",
                            "type": "real"
                        },
                        {
                            "name": "description",
                            "type": "string"
                        },
                        {
                            "name": "display_url",
                            "type": "string"
                        },
                        {
                            "name": "guid",
                            "type": "string"
                        },
                        {
                            "name": "has_company_tree",
                            "type": "boolean"
                        },
                        {
                            "name": "has_delegated_security_controls",
                            "type": "boolean"
                        },
                        {
                            "name": "has_preferred_contact",
                            "type": "boolean"
                        },
                        {
                            "name": "homepage",
                            "type": "string"
                        },
                        {
                            "name": "in_spm_portfolio",
                            "type": "boolean"
                        },
                        {
                            "name": "industry",
                            "type": "string"
                        },
                        {
                            "name": "industry_slug",
                            "type": "string"
                        },
                        {
                            "name": "ipv4_count",
                            "type": "real"
                        },
                        {
                            "name": "is_bundle",
                            "type": "boolean"
                        },
                        {
                            "name": "is_csp",
                            "type": "boolean"
                        },
                        {
                            "name": "is_mycomp_mysubs_bundle",
                            "type": "boolean"
                        },
                        {
                            "name": "is_primary",
                            "type": "boolean"
                        },
                        {
                            "name": "name",
                            "type": "string"
                        },
                        {
                            "name": "people_count",
                            "type": "real"
                        },
                        {
                            "name": "permissions",
                            "type": "dynamic"
                        },
                        {
                            "name": "permissions_can_download_company_report",
                            "type": "boolean"
                        },
                        {
                            "name": "permissions_can_enable_vendor_access",
                            "type": "boolean"
                        },
                        {
                            "name": "permissions_can_unsubscribe",
                            "type": "boolean"
                        },
                        {
                            "name": "permissions_can_view_company_reports",
                            "type": "boolean"
                        },
                        {
                            "name": "permissions_can_view_service_providers",
                            "type": "boolean"
                        },
                        {
                            "name": "primary_company",
                            "type": "string"
                        },
                        {
                            "name": "primary_domain",
                            "type": "string"
                        },
                        {
                            "name": "rating_industry_median",
                            "type": "string"
                        },
                        {
                            "name": "ratings",
                            "type": "dynamic"
                        },
                        {
                            "name": "related_companies",
                            "type": "dynamic"
                        },
                        {
                            "name": "search_count",
                            "type": "real"
                        },
                        {
                            "name": "security_grade",
                            "type": "string"
                        },
                        {
                            "name": "service_provider",
                            "type": "boolean"
                        },
                        {
                            "name": "shortname",
                            "type": "string"
                        },
                        {
                            "name": "sparkline",
                            "type": "string"
                        },
                        {
                            "name": "sub_industry",
                            "type": "string"
                        },
                        {
                            "name": "sub_industry_slug",
                            "type": "string"
                        },
                        {
                            "name": "subscription_end_date",
                            "type": "string"
                        },
                        {
                            "name": "subscription_type",
                            "type": "string"
                        },
                        {
                            "name": "subscription_type_key",
                            "type": "string"
                        },
                        {
                            "name": "type",
                            "type": "string"
                        },
                        {
                            "name": "TimeGenerated",
                            "type": "datetime"
                        }
                    ]
                }
            }
        },
        {
            "type": "Microsoft.OperationalInsights/workspaces/tables",
            "apiVersion": "2022-10-01",
            "name": "[concat(parameters('WorkspaceName'), '/', parameters('Company_Rating_Details_Table_Name'), '_CL')]",
            "properties": {
                "plan": "Analytics",
                "schema": {
                    "name": "[concat(parameters('Company_Rating_Details_Table_Name'), '_CL')]",
                    "columns": [
                        {
                            "name": "Company_name",
                            "type": "string"
                        },
                        {
                            "name": "beta",
                            "type": "boolean"
                        },
                        {
                            "name": "category",
                            "type": "string"
                        },
                        {
                            "name": "category_order",
                            "type": "real"
                        },
                        {
                            "name": "display_url",
                            "type": "string"
                        },
                        {
                            "name": "grade",
                            "type": "string"
                        },
                        {
                            "name": "grade_color",
                            "type": "string"
                        },
                        {
                            "name": "name",
                            "type": "string"
                        },
                        {
                            "name": "order",
                            "type": "real"
                        },
                        {
                            "name": "percentile",
                            "type": "string"
                        },
                        {
                            "name": "rating",
                            "type": "string"
                        },
                        {
                            "name": "TimeGenerated",
                            "type": "datetime"
                        }
                    ]
                }
            }
        },
        {
            "type": "Microsoft.OperationalInsights/workspaces/tables",
            "apiVersion": "2022-10-01",
            "name": "[concat(parameters('WorkspaceName'), '/', parameters('Alerts_Table_Name'), '_CL')]",
            "properties": {
                "plan": "Analytics",
                "schema": {
                    "name": "[concat(parameters('Alerts_Table_Name'), '_CL')]",
                    "columns": [
                        {
                            "name": "guid",
                            "type": "real"
                        },
                        {
                            "name": "alert_type",
                            "type": "string"
                        },
                        {
                            "name": "alert_date",
                            "type": "datetime"
                        },
                        {
                            "name": "start_date",
                            "type": "datetime"
                        },
                        {
                            "name": "company_name",
                            "type": "string"
                        },
                        {
                            "name": "company_guid",
                            "type": "string"
                        },
                        {
                            "name": "company_url",
                            "type": "string"
                        },
                        {
                            "name": "folder_guid",
                            "type": "string"
                        },
                        {
                            "name": "folder_name",
                            "type": "string"
                        },
                        {
                            "name": "severity",
                            "type": "string"
                        },
                        {
                            "name": "trigger",
                            "type": "string"
                        },
                        {
                            "name": "alert_set_name",
                            "type": "string"
                        },
                        {
                            "name": "alert_set_guid",
                            "type": "string"
                        },
                        {
                            "name": "TimeGenerated",
                            "type": "datetime"
                        }
                    ]
                }
            }
        },
        {
            "type": "Microsoft.OperationalInsights/workspaces/tables",
            "apiVersion": "2022-10-01",
            "name": "[concat(parameters('WorkspaceName'), '/', parameters('Graph_Table_Name'), '_CL')]",
            "properties": {
                "plan": "Analytics",
                "schema": {
                    "name": "[concat(parameters('Graph_Table_Name'), '_CL')]",
                    "columns": [
                        {
                            "name": "Rating_Date",
                            "type": "datetime"
                        },
                        {
                            "name": "Rating",
                            "type": "real"
                        },
                        {
                            "name": "Company_name",
                            "type": "string"
                        },
                        {
                            "name": "Rating_differance",
                            "type": "real"
                        },
                        {
                            "name": "TimeGenerated",
                            "type": "datetime"
                        }
                    ]
                }
            }
        },
        {
            "type": "Microsoft.OperationalInsights/workspaces/tables",
            "apiVersion": "2022-10-01",
            "name": "[concat(parameters('WorkspaceName'), '/', parameters('Diligence_Historical_Statistics_Table_Name'), '_CL')]",
            "properties": {
                "plan": "Analytics",
                "schema": {
                    "name": "[concat(parameters('Diligence_Historical_Statistics_Table_Name'), '_CL')]",
                    "columns": [
                        {
                            "name": "count",
                            "type": "real"
                        },
                        {
                            "name": "category",
                            "type": "string"
                        },
                        {
                            "name": "date",
                            "type": "datetime"
                        },
                        {
                            "name": "grade",
                            "type": "string"
                        },
                        {
                            "name": "company_name",
                            "type": "string"
                        },
                        {
                            "name": "TimeGenerated",
                            "type": "datetime"
                        }
                    ]
                }
            }
        },
        {
            "type": "Microsoft.OperationalInsights/workspaces/tables",
            "apiVersion": "2022-10-01",
            "name": "[concat(parameters('WorkspaceName'), '/', parameters('Diligence_Statistics_Table_Name'), '_CL')]",
            "properties": {
                "plan": "Analytics",
                "schema": {
                    "name": "[concat(parameters('Diligence_Statistics_Table_Name'), '_CL')]",
                    "columns": [
                        {
                            "name": "unknown",
                            "type": "real"
                        },
                        {
                            "name": "bad",
                            "type": "real"
                        },
                        {
                            "name": "warn",
                            "type": "real"
                        },
                        {
                            "name": "neutral",
                            "type": "real"
                        },
                        {
                            "name": "fair",
                            "type": "real"
                        },
                        {
                            "name": "good",
                            "type": "real"
                        },
                        {
                            "name": "risk_vector",
                            "type": "string"
                        },
                        {
                            "name": "Company_name",
                            "type": "string"
                        },
                        {
                            "name": "spear_phishing",
                            "type": "real"
                        },
                        {
                            "name": "bit_flip",
                            "type": "real"
                        },
                        {
                            "name": "typographical_errors",
                            "type": "real"
                        },
                        {
                            "name": "tld_variant",
                            "type": "real"
                        },
                        {
                            "name": "total_count",
                            "type": "real"
                        },
                        {
                            "name": "TimeGenerated",
                            "type": "datetime"
                        }
                    ]
                }
            }
        },
        {
            "type": "Microsoft.OperationalInsights/workspaces/tables",
            "apiVersion": "2022-10-01",
            "name": "[concat(parameters('WorkspaceName'), '/', parameters('Industrial_Statistics_Table_Name'), '_CL')]",
            "properties": {
                "plan": "Analytics",
                "schema": {
                    "name": "[concat(parameters('Industrial_Statistics_Table_Name'), '_CL')]",
                    "columns": [
                        {
                            "name": "count",
                            "type": "real"
                        },
                        {
                            "name": "count_period",
                            "type": "string"
                        },
                        {
                            "name": "average_duration_days",
                            "type": "real"
                        },
                        {
                            "name": "risk_vector",
                            "type": "string"
                        },
                        {
                            "name": "Company_name",
                            "type": "string"
                        },
                        {
                            "name": "TimeGenerated",
                            "type": "datetime"
                        }
                    ]
                }
            }
        },
        {
            "type": "Microsoft.OperationalInsights/workspaces/tables",
            "apiVersion": "2022-10-01",
            "name": "[concat(parameters('WorkspaceName'), '/', parameters('Observation_Statistics_Table_Name'), '_CL')]",
            "properties": {
                "plan": "Analytics",
                "schema": {
                    "name": "[concat(parameters('Observation_Statistics_Table_Name'), '_CL')]",
                    "columns": [
                        {
                            "name": "count",
                            "type": "real"
                        },
                        {
                            "name": "count_period",
                            "type": "string"
                        },
                        {
                            "name": "average_duration_days",
                            "type": "real"
                        },
                        {
                            "name": "risk_vector",
                            "type": "string"
                        },
                        {
                            "name": "Company_name",
                            "type": "string"
                        },
                        {
                            "name": "TimeGenerated",
                            "type": "datetime"
                        }
                    ]
                }
            }
        },
        {
            "type": "Microsoft.OperationalInsights/workspaces/tables",
            "apiVersion": "2022-10-01",
            "name": "[concat(parameters('WorkspaceName'), '/', parameters('Findings_Table_Name'), '_CL')]",
            "properties": {
                "plan": "Analytics",
                "schema": {
                    "name": "[concat(parameters('Findings_Table_Name'), '_CL')]",
                    "columns": [
                        {
                            "name": "affects_rating",
                            "type": "boolean"
                        },
                        {
                            "name": "assets",
                            "type": "dynamic"
                        },
                        {
                            "name": "comments",
                            "type": "string"
                        },
                        {
                            "name": "company_name",
                            "type": "string"
                        },
                        {
                            "name": "details",
                            "type": "dynamic"
                        },
                        {
                            "name": "duration",
                            "type": "string"
                        },
                        {
                            "name": "evidence_key",
                            "type": "string"
                        },
                        {
                            "name": "first_seen",
                            "type": "datetime"
                        },
                        {
                            "name": "grace_period_end_date",
                            "type": "string"
                        },
                        {
                            "name": "guest_network_end_date",
                            "type": "string"
                        },
                        {
                            "name": "impacts_risk_vector_details",
                            "type": "string"
                        },
                        {
                            "name": "last_seen",
                            "type": "datetime"
                        },
                        {
                            "name": "no_rv_grade_impact_end_date",
                            "type": "string"
                        },
                        {
                            "name": "related_findings",
                            "type": "dynamic"
                        },
                        {
                            "name": "remaining_decay",
                            "type": "real"
                        },
                        {
                            "name": "remediated",
                            "type": "string"
                        },
                        {
                            "name": "remediation_history",
                            "type": "dynamic"
                        },
                        {
                            "name": "remediation_history_instant_rescan_details",
                            "type": "string"
                        },
                        {
                            "name": "remediation_history_last_refresh_reason_code",
                            "type": "string"
                        },
                        {
                            "name": "remediation_history_last_refresh_requester",
                            "type": "string"
                        },
                        {
                            "name": "remediation_history_last_refresh_status_date",
                            "type": "string"
                        },
                        {
                            "name": "remediation_history_last_refresh_status_label",
                            "type": "string"
                        },
                        {
                            "name": "remediation_history_last_refresh_status_reason",
                            "type": "string"
                        },
                        {
                            "name": "remediation_history_last_requested_refresh_date",
                            "type": "string"
                        },
                        {
                            "name": "remediation_history_result_finding_date",
                            "type": "string"
                        },
                        {
                            "name": "risk_category",
                            "type": "string"
                        },
                        {
                            "name": "risk_vector",
                            "type": "string"
                        },
                        {
                            "name": "risk_vector_label",
                            "type": "string"
                        },
                        {
                            "name": "rolledup_observation_id",
                            "type": "string"
                        },
                        {
                            "name": "severity",
                            "type": "real"
                        },
                        {
                            "name": "severity_category",
                            "type": "string"
                        },
                        {
                            "name": "tags",
                            "type": "dynamic"
                        },
                        {
                            "name": "temporary_id",
                            "type": "string"
                        },
                        {
                            "name": "TimeGenerated",
                            "type": "datetime"
                        }
                    ]
                }
            }
        },
        {
            "type": "Microsoft.OperationalInsights/workspaces/tables",
            "apiVersion": "2022-10-01",
            "name": "[concat(parameters('WorkspaceName'), '/', parameters('Findings_Summary_Table_Name'), '_CL')]",
            "properties": {
                "plan": "Analytics",
                "schema": {
                    "name": "[concat(parameters('Findings_Summary_Table_Name'), '_CL')]",
                    "columns": [
                        {
                            "name": "Company",
                            "type": "string"
                        },
                        {
                            "name": "confidence",
                            "type": "string"
                        },
                        {
                            "name": "description",
                            "type": "string"
                        },
                        {
                            "name": "end_date",
                            "type": "datetime"
                        },
                        {
                            "name": "event_count",
                            "type": "real"
                        },
                        {
                            "name": "first_seen",
                            "type": "datetime"
                        },
                        {
                            "name": "host_count",
                            "type": "real"
                        },
                        {
                            "name": "id",
                            "type": "string"
                        },
                        {
                            "name": "name",
                            "type": "string"
                        },
                        {
                            "name": "severity",
                            "type": "string"
                        },
                        {
                            "name": "severity_category",
                            "type": "string"
                        },
                        {
                            "name": "start_date",
                            "type": "datetime"
                        },
                        {
                            "name": "TimeGenerated",
                            "type": "datetime"
                        }
                    ]
                }
            }
        },
        {
            "type": "Microsoft.OperationalInsights/workspaces/tables",
            "apiVersion": "2022-10-01",
            "name": "[concat(parameters('WorkspaceName'), '/', parameters('Breaches_Table_Name'), '_CL')]",
            "properties": {
                "plan": "Analytics",
                "schema": {
                    "name": "[concat(parameters('Breaches_Table_Name'), '_CL')]",
                    "columns": [
                        {
                            "name": "breached_companies",
                            "type": "dynamic"
                        },
                        {
                            "name": "company_guid",
                            "type": "string"
                        },
                        {
                            "name": "company_name",
                            "type": "string"
                        },
                        {
                            "name": "date",
                            "type": "datetime"
                        },
                        {
                            "name": "date_created",
                            "type": "datetime"
                        },
                        {
                            "name": "dependent_companies",
                            "type": "dynamic"
                        },
                        {
                            "name": "event_type",
                            "type": "string"
                        },
                        {
                            "name": "event_type_description",
                            "type": "string"
                        },
                        {
                            "name": "guid",
                            "type": "string"
                        },
                        {
                            "name": "preview_url",
                            "type": "string"
                        },
                        {
                            "name": "severity",
                            "type": "real"
                        },
                        {
                            "name": "text",
                            "type": "string"
                        },
                        {
                            "name": "TimeGenerated",
                            "type": "datetime"
                        }
                    ]
                }
            }
        },
        {
            "type": "Microsoft.Insights/dataCollectionRules",
            "apiVersion": "2022-06-01",
            "name": "[variables('portfolioCompanieRuleName')]",
            "location": "[parameters('Location')]",
            "dependsOn": [
                "[concat(variables('logWsResId'), '/tables/', parameters('Portfolio_Companies_Table_Name'), '_CL')]"
            ],
            "properties": {
                "dataCollectionEndpointId": "[resourceId('Microsoft.Insights/dataCollectionEndpoints', variables('endpointName'))]",
                "streamDeclarations": {
                    "[concat('Custom-', parameters('Portfolio_Companies_Table_Name'))]": {
                        "columns": [
                            {
                                "name": "guid",
                                "type": "string"
                            },
                            {
                                "name": "name",
                                "type": "string"
                            },
                            {
                                "name": "TimeGenerated",
                                "type": "datetime"
                            }
                        ]
                    },
                    "[concat('Custom-', parameters('Company_Table_Name'))]": {
                        "columns": [
                            {
                                "name": "available_upgrade_types",
                                "type": "dynamic"
                            },
                            {
                                "name": "bulk_email_sender_status",
                                "type": "string"
                            },
                            {
                                "name": "company_features",
                                "type": "dynamic"
                            },
                            {
                                "name": "compliance_claim",
                                "type": "string"
                            },
                            {
                                "name": "current_rating",
                                "type": "real"
                            },
                            {
                                "name": "custom_id",
                                "type": "string"
                            },
                            {
                                "name": "customer_monitoring_count",
                                "type": "real"
                            },
                            {
                                "name": "description",
                                "type": "string"
                            },
                            {
                                "name": "display_url",
                                "type": "string"
                            },
                            {
                                "name": "guid",
                                "type": "string"
                            },
                            {
                                "name": "has_company_tree",
                                "type": "boolean"
                            },
                            {
                                "name": "has_delegated_security_controls",
                                "type": "boolean"
                            },
                            {
                                "name": "has_preferred_contact",
                                "type": "boolean"
                            },
                            {
                                "name": "homepage",
                                "type": "string"
                            },
                            {
                                "name": "in_spm_portfolio",
                                "type": "boolean"
                            },
                            {
                                "name": "industry",
                                "type": "string"
                            },
                            {
                                "name": "industry_slug",
                                "type": "string"
                            },
                            {
                                "name": "ipv4_count",
                                "type": "real"
                            },
                            {
                                "name": "is_bundle",
                                "type": "boolean"
                            },
                            {
                                "name": "is_csp",
                                "type": "boolean"
                            },
                            {
                                "name": "is_mycomp_mysubs_bundle",
                                "type": "boolean"
                            },
                            {
                                "name": "is_primary",
                                "type": "boolean"
                            },
                            {
                                "name": "name",
                                "type": "string"
                            },
                            {
                                "name": "people_count",
                                "type": "real"
                            },
                            {
                                "name": "permissions",
                                "type": "dynamic"
                            },
                            {
                                "name": "permissions_can_download_company_report",
                                "type": "boolean"
                            },
                            {
                                "name": "permissions_can_enable_vendor_access",
                                "type": "boolean"
                            },
                            {
                                "name": "permissions_can_unsubscribe",
                                "type": "boolean"
                            },
                            {
                                "name": "permissions_can_view_company_reports",
                                "type": "boolean"
                            },
                            {
                                "name": "permissions_can_view_service_providers",
                                "type": "boolean"
                            },
                            {
                                "name": "primary_company",
                                "type": "string"
                            },
                            {
                                "name": "primary_domain",
                                "type": "string"
                            },
                            {
                                "name": "rating_industry_median",
                                "type": "string"
                            },
                            {
                                "name": "ratings",
                                "type": "dynamic"
                            },
                            {
                                "name": "related_companies",
                                "type": "dynamic"
                            },
                            {
                                "name": "search_count",
                                "type": "real"
                            },
                            {
                                "name": "security_grade",
                                "type": "string"
                            },
                            {
                                "name": "service_provider",
                                "type": "boolean"
                            },
                            {
                                "name": "shortname",
                                "type": "string"
                            },
                            {
                                "name": "sparkline",
                                "type": "string"
                            },
                            {
                                "name": "sub_industry",
                                "type": "string"
                            },
                            {
                                "name": "sub_industry_slug",
                                "type": "string"
                            },
                            {
                                "name": "subscription_end_date",
                                "type": "string"
                            },
                            {
                                "name": "subscription_type",
                                "type": "string"
                            },
                            {
                                "name": "subscription_type_key",
                                "type": "string"
                            },
                            {
                                "name": "type",
                                "type": "string"
                            },
                            {
                                "name": "TimeGenerated",
                                "type": "datetime"
                            }
                        ]
                    },
                    "[concat('Custom-', parameters('Company_Rating_Details_Table_Name'))]": {
                        "columns": [
                            {
                                "name": "Company_name",
                                "type": "string"
                            },
                            {
                                "name": "beta",
                                "type": "boolean"
                            },
                            {
                                "name": "category",
                                "type": "string"
                            },
                            {
                                "name": "category_order",
                                "type": "real"
                            },
                            {
                                "name": "display_url",
                                "type": "string"
                            },
                            {
                                "name": "grade",
                                "type": "string"
                            },
                            {
                                "name": "grade_color",
                                "type": "string"
                            },
                            {
                                "name": "name",
                                "type": "string"
                            },
                            {
                                "name": "order",
                                "type": "real"
                            },
                            {
                                "name": "percentile",
                                "type": "string"
                            },
                            {
                                "name": "rating",
                                "type": "string"
                            },
                            {
                                "name": "TimeGenerated",
                                "type": "datetime"
                            }
                        ]
                    }
                },
                "destinations": {
                    "logAnalytics": [
                        {
                            "workspaceResourceId": "[parameters('AppInsightsWorkspaceResourceID')]",
                            "name": "[concat('RuleDest', variables('suffix'))]"
                        }
                    ]
                },
                "dataFlows": [
                    {
                        "streams": [
                            "[concat('Custom-', parameters('Portfolio_Companies_Table_Name'))]"
                        ],
                        "destinations": [
                            "[concat('RuleDest', variables('suffix'))]"
                        ],
                        "transformKql": "source\n| extend TimeGenerated = todatetime(now())",
                        "outputStream": "[concat('Custom-', parameters('Portfolio_Companies_Table_Name'), '_CL')]"
                    },
                    {
                        "streams": [
                            "[concat('Custom-', parameters('Company_Table_Name'))]"
                        ],
                        "destinations": [
                            "[concat('RuleDest', variables('suffix'))]"
                        ],
                        "transformKql": "source\n| extend TimeGenerated = todatetime(now()), json_permissions = parse_json(permissions)\n| extend permissions_can_download_company_report = tobool(json_permissions.can_download_company_report), permissions_can_enable_vendor_access = tobool(json_permissions.can_enable_vendor_access), permissions_can_unsubscribe = tobool(json_permissions.can_unsubscribe), permissions_can_view_company_reports = tobool(json_permissions.can_view_company_reports), permissions_can_view_service_providers = tobool(json_permissions.can_view_service_providers)\n| project-away json_permissions, permissions",
                        "outputStream": "[concat('Custom-', parameters('Company_Table_Name'), '_CL')]"
                    },
                    {
                        "streams": [
                            "[concat('Custom-', parameters('Company_Rating_Details_Table_Name'))]"
                        ],
                        "destinations": [
                            "[concat('RuleDest', variables('suffix'))]"
                        ],
                        "transformKql": "source\n| extend TimeGenerated = todatetime(now())",
                        "outputStream": "[concat('Custom-', parameters('Company_Rating_Details_Table_Name'), '_CL')]"
                    }
                ]
            }
        },
        {
            "type": "Microsoft.Insights/dataCollectionRules",
            "apiVersion": "2022-06-01",
            "name": "[variables('dataRuleName')]",
            "location": "[parameters('Location')]",
            "dependsOn": [
                "[concat(variables('logWsResId'), '/tables/', parameters('Alerts_Table_Name'), '_CL')]"
            ],
            "properties": {
                "dataCollectionEndpointId": "[resourceId('Microsoft.Insights/dataCollectionEndpoints', variables('endpointName'))]",
                "streamDeclarations": {
                    "[concat('Custom-', parameters('Alerts_Table_Name'))]": {
                        "columns": [
                            {
                                "name": "guid",
                                "type": "real"
                            },
                            {
                                "name": "alert_type",
                                "type": "string"
                            },
                            {
                                "name": "alert_date",
                                "type": "datetime"
                            },
                            {
                                "name": "start_date",
                                "type": "datetime"
                            },
                            {
                                "name": "company_name",
                                "type": "string"
                            },
                            {
                                "name": "company_guid",
                                "type": "string"
                            },
                            {
                                "name": "company_url",
                                "type": "string"
                            },
                            {
                                "name": "folder_guid",
                                "type": "string"
                            },
                            {
                                "name": "folder_name",
                                "type": "string"
                            },
                            {
                                "name": "severity",
                                "type": "string"
                            },
                            {
                                "name": "trigger",
                                "type": "string"
                            },
                            {
                                "name": "alert_set_name",
                                "type": "string"
                            },
                            {
                                "name": "alert_set_guid",
                                "type": "string"
                            },
                            {
                                "name": "TimeGenerated",
                                "type": "datetime"
                            }
                        ]
                    },
                    "[concat('Custom-', parameters('Graph_Table_Name'))]": {
                        "columns": [
                            {
                                "name": "Rating_Date",
                                "type": "datetime"
                            },
                            {
                                "name": "Rating",
                                "type": "real"
                            },
                            {
                                "name": "Company_name",
                                "type": "string"
                            },
                            {
                                "name": "Rating_differance",
                                "type": "real"
                            },
                            {
                                "name": "TimeGenerated",
                                "type": "datetime"
                            }
                        ]
                    },
                    "[concat('Custom-', parameters('Diligence_Historical_Statistics_Table_Name'))]": {
                        "columns": [
                            {
                                "name": "count",
                                "type": "real"
                            },
                            {
                                "name": "category",
                                "type": "string"
                            },
                            {
                                "name": "date",
                                "type": "datetime"
                            },
                            {
                                "name": "grade",
                                "type": "string"
                            },
                            {
                                "name": "company_name",
                                "type": "string"
                            },
                            {
                                "name": "TimeGenerated",
                                "type": "datetime"
                            }
                        ]
                    },
                    "[concat('Custom-', parameters('Diligence_Statistics_Table_Name'))]": {
                        "columns": [
                            {
                                "name": "unknown",
                                "type": "real"
                            },
                            {
                                "name": "bad",
                                "type": "real"
                            },
                            {
                                "name": "warn",
                                "type": "real"
                            },
                            {
                                "name": "neutral",
                                "type": "real"
                            },
                            {
                                "name": "fair",
                                "type": "real"
                            },
                            {
                                "name": "good",
                                "type": "real"
                            },
                            {
                                "name": "risk_vector",
                                "type": "string"
                            },
                            {
                                "name": "Company_name",
                                "type": "string"
                            },
                            {
                                "name": "spear_phishing",
                                "type": "real"
                            },
                            {
                                "name": "bit_flip",
                                "type": "real"
                            },
                            {
                                "name": "typographical_errors",
                                "type": "real"
                            },
                            {
                                "name": "tld_variant",
                                "type": "real"
                            },
                            {
                                "name": "total_count",
                                "type": "real"
                            },
                            {
                                "name": "TimeGenerated",
                                "type": "datetime"
                            }
                        ]
                    },
                    "[concat('Custom-', parameters('Industrial_Statistics_Table_Name'))]": {
                        "columns": [
                            {
                                "name": "count",
                                "type": "real"
                            },
                            {
                                "name": "count_period",
                                "type": "string"
                            },
                            {
                                "name": "average_duration_days",
                                "type": "real"
                            },
                            {
                                "name": "risk_vector",
                                "type": "string"
                            },
                            {
                                "name": "Company_name",
                                "type": "string"
                            },
                            {
                                "name": "TimeGenerated",
                                "type": "datetime"
                            }
                        ]
                    },
                    "[concat('Custom-', parameters('Observation_Statistics_Table_Name'))]": {
                        "columns": [
                            {
                                "name": "count",
                                "type": "real"
                            },
                            {
                                "name": "count_period",
                                "type": "string"
                            },
                            {
                                "name": "average_duration_days",
                                "type": "real"
                            },
                            {
                                "name": "risk_vector",
                                "type": "string"
                            },
                            {
                                "name": "Company_name",
                                "type": "string"
                            },
                            {
                                "name": "TimeGenerated",
                                "type": "datetime"
                            }
                        ]
                    },
                    "[concat('Custom-', parameters('Findings_Table_Name'))]": {
                        "columns": [
                            {
                                "name": "affects_rating",
                                "type": "boolean"
                            },
                            {
                                "name": "assets",
                                "type": "dynamic"
                            },
                            {
                                "name": "comments",
                                "type": "string"
                            },
                            {
                                "name": "company_name",
                                "type": "string"
                            },
                            {
                                "name": "details",
                                "type": "dynamic"
                            },
                            {
                                "name": "duration",
                                "type": "string"
                            },
                            {
                                "name": "evidence_key",
                                "type": "string"
                            },
                            {
                                "name": "first_seen",
                                "type": "datetime"
                            },
                            {
                                "name": "grace_period_end_date",
                                "type": "string"
                            },
                            {
                                "name": "guest_network_end_date",
                                "type": "string"
                            },
                            {
                                "name": "impacts_risk_vector_details",
                                "type": "string"
                            },
                            {
                                "name": "last_seen",
                                "type": "datetime"
                            },
                            {
                                "name": "no_rv_grade_impact_end_date",
                                "type": "string"
                            },
                            {
                                "name": "related_findings",
                                "type": "dynamic"
                            },
                            {
                                "name": "remaining_decay",
                                "type": "real"
                            },
                            {
                                "name": "remediated",
                                "type": "string"
                            },
                            {
                                "name": "remediation_history",
                                "type": "dynamic"
                            },
                            {
                                "name": "remediation_history_instant_rescan_details",
                                "type": "string"
                            },
                            {
                                "name": "remediation_history_last_refresh_reason_code",
                                "type": "string"
                            },
                            {
                                "name": "remediation_history_last_refresh_requester",
                                "type": "string"
                            },
                            {
                                "name": "remediation_history_last_refresh_status_date",
                                "type": "string"
                            },
                            {
                                "name": "remediation_history_last_refresh_status_label",
                                "type": "string"
                            },
                            {
                                "name": "remediation_history_last_refresh_status_reason",
                                "type": "string"
                            },
                            {
                                "name": "remediation_history_last_requested_refresh_date",
                                "type": "string"
                            },
                            {
                                "name": "remediation_history_result_finding_date",
                                "type": "string"
                            },
                            {
                                "name": "risk_category",
                                "type": "string"
                            },
                            {
                                "name": "risk_vector",
                                "type": "string"
                            },
                            {
                                "name": "risk_vector_label",
                                "type": "string"
                            },
                            {
                                "name": "rolledup_observation_id",
                                "type": "string"
                            },
                            {
                                "name": "severity",
                                "type": "real"
                            },
                            {
                                "name": "severity_category",
                                "type": "string"
                            },
                            {
                                "name": "tags",
                                "type": "dynamic"
                            },
                            {
                                "name": "temporary_id",
                                "type": "string"
                            },
                            {
                                "name": "TimeGenerated",
                                "type": "datetime"
                            }
                        ]
                    },
                    "[concat('Custom-', parameters('Findings_Summary_Table_Name'))]": {
                        "columns": [
                            {
                                "name": "Company",
                                "type": "string"
                            },
                            {
                                "name": "confidence",
                                "type": "string"
                            },
                            {
                                "name": "description",
                                "type": "string"
                            },
                            {
                                "name": "end_date",
                                "type": "datetime"
                            },
                            {
                                "name": "event_count",
                                "type": "real"
                            },
                            {
                                "name": "first_seen",
                                "type": "datetime"
                            },
                            {
                                "name": "host_count",
                                "type": "real"
                            },
                            {
                                "name": "id",
                                "type": "string"
                            },
                            {
                                "name": "name",
                                "type": "string"
                            },
                            {
                                "name": "severity",
                                "type": "string"
                            },
                            {
                                "name": "severity_category",
                                "type": "string"
                            },
                            {
                                "name": "start_date",
                                "type": "datetime"
                            },
                            {
                                "name": "TimeGenerated",
                                "type": "datetime"
                            }
                        ]
                    },
                    "[concat('Custom-', parameters('Breaches_Table_Name'))]": {
                        "columns": [
                            {
                                "name": "breached_companies",
                                "type": "dynamic"
                            },
                            {
                                "name": "company_guid",
                                "type": "string"
                            },
                            {
                                "name": "company_name",
                                "type": "string"
                            },
                            {
                                "name": "date",
                                "type": "datetime"
                            },
                            {
                                "name": "date_created",
                                "type": "datetime"
                            },
                            {
                                "name": "dependent_companies",
                                "type": "dynamic"
                            },
                            {
                                "name": "event_type",
                                "type": "string"
                            },
                            {
                                "name": "event_type_description",
                                "type": "string"
                            },
                            {
                                "name": "guid",
                                "type": "string"
                            },
                            {
                                "name": "preview_url",
                                "type": "string"
                            },
                            {
                                "name": "severity",
                                "type": "real"
                            },
                            {
                                "name": "text",
                                "type": "string"
                            },
                            {
                                "name": "TimeGenerated",
                                "type": "datetime"
                            }
                        ]
                    }
                },
                "destinations": {
                    "logAnalytics": [
                        {
                            "workspaceResourceId": "[parameters('AppInsightsWorkspaceResourceID')]",
                            "name": "[concat('RuleDest', variables('suffix'))]"
                        }
                    ]
                },
                "dataFlows": [
                    {
                        "streams": [
                            "[concat('Custom-', parameters('Alerts_Table_Name'))]"
                        ],
                        "destinations": [
                            "[concat('RuleDest', variables('suffix'))]"
                        ],
                        "transformKql": "source\n| extend TimeGenerated = todatetime(now())",
                        "outputStream": "[concat('Custom-', parameters('Alerts_Table_Name'), '_CL')]"
                    },
                    {
                        "streams": [
                            "[concat('Custom-', parameters('Graph_Table_Name'))]"
                        ],
                        "destinations": [
                            "[concat('RuleDest', variables('suffix'))]"
                        ],
                        "transformKql": "source\n| extend TimeGenerated = todatetime(now())",
                        "outputStream": "[concat('Custom-', parameters('Graph_Table_Name'), '_CL')]"
                    },
                    {
                        "streams": [
                            "[concat('Custom-', parameters('Diligence_Historical_Statistics_Table_Name'))]"
                        ],
                        "destinations": [
                            "[concat('RuleDest', variables('suffix'))]"
                        ],
                        "transformKql": "source\n| extend TimeGenerated = todatetime(now())",
                        "outputStream": "[concat('Custom-', parameters('Diligence_Historical_Statistics_Table_Name'), '_CL')]"
                    },
                    {
                        "streams": [
                            "[concat('Custom-', parameters('Diligence_Statistics_Table_Name'))]"
                        ],
                        "destinations": [
                            "[concat('RuleDest', variables('suffix'))]"
                        ],
                        "transformKql": "source\n| extend TimeGenerated = todatetime(now())",
                        "outputStream": "[concat('Custom-', parameters('Diligence_Statistics_Table_Name'), '_CL')]"
                    },
                    {
                        "streams": [
                            "[concat('Custom-', parameters('Industrial_Statistics_Table_Name'))]"
                        ],
                        "destinations": [
                            "[concat('RuleDest', variables('suffix'))]"
                        ],
                        "transformKql": "source\n| extend TimeGenerated = todatetime(now())",
                        "outputStream": "[concat('Custom-', parameters('Industrial_Statistics_Table_Name'), '_CL')]"
                    },
                    {
                        "streams": [
                            "[concat('Custom-', parameters('Observation_Statistics_Table_Name'))]"
                        ],
                        "destinations": [
                            "[concat('RuleDest', variables('suffix'))]"
                        ],
                        "transformKql": "source\n| extend TimeGenerated = todatetime(now())",
                        "outputStream": "[concat('Custom-', parameters('Observation_Statistics_Table_Name'), '_CL')]"
                    },
                    {
                        "streams": [
                            "[concat('Custom-', parameters('Findings_Table_Name'))]"
                        ],
                        "destinations": [
                            "[concat('RuleDest', variables('suffix'))]"
                        ],
                        "transformKql": "source\n| extend TimeGenerated = todatetime(now()), json_remediation_history = parse_json(remediation_history)\n| extend remediation_history_instant_rescan_details = tostring(json_remediation_history.instant_rescan_details), remediation_history_last_refresh_reason_code = tostring(json_remediation_history.last_refresh_reason_code), remediation_history_last_refresh_requester = tostring(json_remediation_history.last_refresh_requester), remediation_history_last_refresh_status_date = tostring(json_remediation_history.last_refresh_status_date), remediation_history_last_refresh_status_label = tostring(json_remediation_history.last_refresh_status_label), remediation_history_last_refresh_status_reason = tostring(json_remediation_history.last_refresh_status_reason), remediation_history_last_requested_refresh_date = tostring(json_remediation_history.last_requested_refresh_date), remediation_history_result_finding_date = tostring(json_remediation_history.result_finding_date)\n| project-away json_remediation_history, remediation_history",
                        "outputStream": "[concat('Custom-', parameters('Findings_Table_Name'), '_CL')]"
                    },
                    {
                        "streams": [
                            "[concat('Custom-', parameters('Findings_Summary_Table_Name'))]"
                        ],
                        "destinations": [
                            "[concat('RuleDest', variables('suffix'))]"
                        ],
                        "transformKql": "source\n| extend TimeGenerated = todatetime(now())",
                        "outputStream": "[concat('Custom-', parameters('Findings_Summary_Table_Name'), '_CL')]"
                    },
                    {
                        "streams": [
                            "[concat('Custom-', parameters('Breaches_Table_Name'))]"
                        ],
                        "destinations": [
                            "[concat('RuleDest', variables('suffix'))]"
                        ],
                        "transformKql": "source\n| extend TimeGenerated = todatetime(now())",
                        "outputStream": "[concat('Custom-', parameters('Breaches_Table_Name'), '_CL')]"
                    }
                ]
            }
        },
        {
            "type": "Microsoft.Authorization/roleDefinitions",
            "apiVersion": "2022-04-01",
            "name": "[variables('dcrRoleId')]",
            "properties": {
                "assignableScopes": [
                    "[resourceGroup().id]",
                    "[resourceId('Microsoft.Insights/dataCollectionRules', variables('portfolioCompanieRuleName'))]",
                    "[resourceId('Microsoft.Insights/dataCollectionRules', variables('dataRuleName'))]"
                ],
                "description": "Entra ID application access role",
                "permissions": [
                    {
                        "actions": [
                            "Microsoft.Insights/Register/Action",
                            "Microsoft.Support/*",
                            "Microsoft.Resources/subscriptions/resourceGroups/read"
                        ],
                        "dataActions": [
                            "Microsoft.Insights/Metrics/Write",
                            "Microsoft.Insights/Telemetry/Write"
                        ]
                    }
                ],
                "roleName": "[variables('dcrRoleName')]",
                "type": "customRole"
            }
        },
        {
            "type": "Microsoft.Authorization/roleAssignments",
            "apiVersion": "2022-04-01",
            "name": "[guid(resourceGroup().id, concat('Statistics DCR Role assignment', variables('FunctionName')))]",
            "dependsOn": [
                "[variables('dcrRoleId')]",
                "[variables('portfolioCompanieRuleName')]"
            ],
            "scope": "[resourceId('Microsoft.Insights/dataCollectionRules', variables('portfolioCompanieRuleName'))]",
            "properties": {
                "roleDefinitionId": "[resourceId('Microsoft.Authorization/roleDefinitions', variables('dcrRoleId'))]",
                "principalId": "[parameters('Azure_Entra_Object_Id')]"
            }
        },
        {
            "type": "Microsoft.Authorization/roleAssignments",
            "apiVersion": "2022-04-01",
            "name": "[guid(resourceGroup().id, concat('Non Statistics DCR Role assignment', variables('FunctionName')))]",
            "dependsOn": [
                "[variables('dcrRoleId')]",
                "[variables('dataRuleName')]"
            ],
            "scope": "[resourceId('Microsoft.Insights/dataCollectionRules', variables('dataRuleName'))]",
            "properties": {
                "roleDefinitionId": "[resourceId('Microsoft.Authorization/roleDefinitions', variables('dcrRoleId'))]",
                "principalId": "[parameters('Azure_Entra_Object_Id')]"
            }
        },
        {
            "type": "Microsoft.Insights/components",
            "apiVersion": "2020-02-02",
            "name": "[variables('FunctionName')]",
            "location": "[resourceGroup().location]",
            "kind": "web",
            "properties": {
                "Application_Type": "web",
                "ApplicationId": "[variables('FunctionName')]",
                "WorkspaceResourceId": "[parameters('AppInsightsWorkspaceResourceID')]"
            }
        },
        {
            "type": "Microsoft.Storage/storageAccounts",
            "apiVersion": "2019-06-01",
            "name": "[tolower(variables('FunctionName'))]",
            "location": "[resourceGroup().location]",
            "sku": {
                "name": "Standard_LRS",
                "tier": "Standard"
            },
            "kind": "StorageV2",
            "properties": {
                "networkAcls": {
                    "bypass": "AzureServices",
                    "virtualNetworkRules": [],
                    "ipRules": [],
                    "defaultAction": "Allow"
                },
                "supportsHttpsTrafficOnly": true,
                "encryption": {
                    "services": {
                        "file": {
                            "keyType": "Account",
                            "enabled": true
                        },
                        "blob": {
                            "keyType": "Account",
                            "enabled": true
                        }
                    },
                    "keySource": "Microsoft.Storage"
                },
                "minimumTlsVersion": "TLS1_2"
            }
        },
        {
            "type": "Microsoft.Storage/storageAccounts/blobServices",
            "apiVersion": "2019-06-01",
            "name": "[concat(variables('FunctionName'), '/default')]",
            "dependsOn": [
                "[resourceId('Microsoft.Storage/storageAccounts', tolower(variables('FunctionName')))]"
            ],
            "sku": {
                "name": "Standard_LRS",
                "tier": "Standard"
            },
            "properties": {
                "cors": {
                    "corsRules": []
                },
                "deleteRetentionPolicy": {
                    "enabled": false
                }
            }
        },
        {
            "type": "Microsoft.Storage/storageAccounts/fileServices",
            "apiVersion": "2019-06-01",
            "name": "[concat(variables('FunctionName'), '/default')]",
            "dependsOn": [
                "[resourceId('Microsoft.Storage/storageAccounts', tolower(variables('FunctionName')))]"
            ],
            "sku": {
                "name": "Standard_LRS",
                "tier": "Standard"
            },
            "properties": {
                "cors": {
                    "corsRules": []
                }
            }
        },
        {
            "type": "Microsoft.Web/sites",
            "apiVersion": "2018-11-01",
            "name": "[variables('FunctionName')]",
            "location": "[resourceGroup().location]",
            "dependsOn": [
                "[resourceId('Microsoft.Storage/storageAccounts', tolower(variables('FunctionName')))]",
                "[resourceId('Microsoft.Insights/components', variables('FunctionName'))]"
            ],
            "kind": "functionapp,linux",
            "identity": {
                "type": "SystemAssigned"
            },
            "properties": {
                "name": "[variables('FunctionName')]",
                "httpsOnly": true,
                "clientAffinityEnabled": true,
                "alwaysOn": true,
                "reserved": true,
                "siteConfig": {
                    "linuxFxVersion": "python|3.11"
                }
            },
            "resources": [
                {
                    "apiVersion": "2018-11-01",
                    "type": "config",
                    "name": "appsettings",
                    "dependsOn": [
                        "[concat('Microsoft.Web/sites/', variables('FunctionName'))]"
                    ],
                    "properties": {
                        "FUNCTIONS_EXTENSION_VERSION": "~4",
                        "FUNCTIONS_WORKER_RUNTIME": "python",
                        "APPINSIGHTS_INSTRUMENTATIONKEY": "[reference(resourceId('Microsoft.insights/components', variables('FunctionName')), '2015-05-01').InstrumentationKey]",
                        "APPLICATIONINSIGHTS_CONNECTION_STRING": "[reference(resourceId('microsoft.insights/components', variables('FunctionName')), '2015-05-01').ConnectionString]",
                        "AzureWebJobsStorage": "[concat('DefaultEndpointsProtocol=https;AccountName=', toLower(variables('FunctionName')),';AccountKey=',listKeys(resourceId('Microsoft.Storage/storageAccounts', toLower(variables('FunctionName'))), '2019-06-01').keys[0].value, ';EndpointSuffix=',toLower(variables('StorageSuffix')))]",
                        "API_token": "[parameters('API_token')]",
						"Companies": "[parameters('Companies')]",
						"Alerts_Table_Name": "[parameters('Alerts_Table_Name')]",
                        "Breaches_Table_Name": "[parameters('Breaches_Table_Name')]",
						"Company_Table_Name": "[parameters('Company_Table_Name')]",
						"Company_Rating_Details_Table_Name": "[parameters('Company_Rating_Details_Table_Name')]",
						"Diligence_Historical_Statistics_Table_Name": "[parameters('Diligence_Historical_Statistics_Table_Name')]",
						"Diligence_Statistics_Table_Name": "[parameters('Diligence_Statistics_Table_Name')]",
						"Findings_Summary_Table_Name": "[parameters('Findings_Summary_Table_Name')]",
						"Findings_Table_Name": "[parameters('Findings_Table_Name')]",
						"Graph_Table_Name": "[parameters('Graph_Table_Name')]",
						"Industrial_Statistics_Table_Name": "[parameters('Industrial_Statistics_Table_Name')]",
						"Observation_Statistics_Table_Name": "[parameters('Observation_Statistics_Table_Name')]",
                        "LogLevel": "[parameters('LogLevel')]",
                        "Schedule": "[parameters('Schedule')]",
                        "Schedule_Portfolio": "[parameters('Schedule_Portfolio')]",
                        "Azure_Client_Id": "[parameters('Azure_Client_Id')]",
                        "Azure_Client_Secret": "[parameters('Azure_Client_Secret')]",
                        "Azure_Tenant_Id": "[parameters('Azure_Tenant_Id')]",
                        "AZURE_DATA_COLLECTION_ENDPOINT": "[reference(resourceId('Microsoft.Insights/dataCollectionEndpoints', variables('endpointName'))).logsIngestion.endpoint]",
                        "AZURE_DATA_COLLECTION_RULE_ID_COMPANY_TABLES": "[reference(resourceId('Microsoft.Insights/dataCollectionRules', variables('portfolioCompanieRuleName'))).immutableId]",
                        "AZURE_DATA_COLLECTION_RULE_ID_DATA_TABLES": "[reference(resourceId('Microsoft.Insights/dataCollectionRules', variables('dataRuleName'))).immutableId]", 
                        "Portfolio_Companies_Table_Name": "[parameters('Portfolio_Companies_Table_Name')]",
                        "WEBSITE_RUN_FROM_PACKAGE": "https://aka.ms/sentinel-BitSight-functionapp"
                    }
                }
            ]
        },
        {
            "type": "Microsoft.Storage/storageAccounts/blobServices/containers",
            "apiVersion": "2019-06-01",
            "name": "[concat(variables('FunctionName'), '/default/azure-webjobs-hosts')]",
            "dependsOn": [
                "[resourceId('Microsoft.Storage/storageAccounts/blobServices', variables('FunctionName'), 'default')]",
                "[resourceId('Microsoft.Storage/storageAccounts', variables('FunctionName'))]"
            ],
            "properties": {
                "publicAccess": "None"
            }
        },
        {
            "type": "Microsoft.Storage/storageAccounts/blobServices/containers",
            "apiVersion": "2019-06-01",
            "name": "[concat(variables('FunctionName'), '/default/azure-webjobs-secrets')]",
            "dependsOn": [
                "[resourceId('Microsoft.Storage/storageAccounts/blobServices', variables('FunctionName'), 'default')]",
                "[resourceId('Microsoft.Storage/storageAccounts', variables('FunctionName'))]"
            ],
            "properties": {
                "publicAccess": "None"
            }
        },
        {
            "type": "Microsoft.Storage/storageAccounts/fileServices/shares",
            "apiVersion": "2019-06-01",
            "name": "[concat(variables('FunctionName'), '/default/', tolower(variables('FunctionName')))]",
            "dependsOn": [
                "[resourceId('Microsoft.Storage/storageAccounts/fileServices', variables('FunctionName'), 'default')]",
                "[resourceId('Microsoft.Storage/storageAccounts', variables('FunctionName'))]"
            ],
            "properties": {
                "shareQuota": 5120
            }
        }
    ]
}